Track ID,Nearest Neighbors,Average Distance,Middle Frame,Middle X,Middle Y
0,"[366, 207, 488, 27, 368, 170, 460, 411, 93, 453, 405, 58, 234, 208, 53, 504, 22, 23, 353, 19]",34.834882852623366,20.0,17.4150943396226,168.43396226415
1,"[273, 68, 100, 50, 174, 277, 580, 538, 172, 13, 210, 8, 419, 327, 262, 356, 422, 446, 420, 9]",27.249516386806043,16.0,152.849056603773,245.349056603773
2,"[36, 158, 39, 461, 248, 299, 34, 69, 6, 425, 389, 187, 184, 119, 474, 380, 194, 233, 314, 293]",35.4364133289736,16.0,254.857433808553,306.841140529531
3,"[140, 188, 113, 409, 522, 97, 462, 32, 414, 266, 476, 152, 348, 94, 295, 191, 310, 160, 20, 169]",30.357314518008906,14.0,258.084479371316,187.408644400785
4,"[269, 241, 82, 40, 399, 240, 196, 431, 529, 555, 73, 56, 43, 372, 349, 105, 344, 252, 280, 165]",29.366769592538656,24.0,182.104255319148,88.3191489361702
5,"[90, 81, 79, 473, 25, 276, 313, 423, 86, 237, 71, 320, 186, 506, 495, 224, 35, 509, 122, 14]",31.99481046807391,13.0,30.5244161358811,271.588110403397
6,"[36, 119, 69, 248, 293, 389, 187, 84, 31, 120, 425, 233, 39, 2, 331, 355, 209, 158, 472, 461]",29.858080341366815,19.0,230.579207920792,283.930693069306
7,"[218, 328, 191, 147, 285, 475, 192, 9, 197, 341, 330, 494, 310, 156, 568, 32, 345, 414, 154, 188]",31.391611860487153,12.0,213.485663082437,217.587813620071
8,"[156, 9, 277, 419, 341, 100, 210, 147, 421, 1, 422, 209, 538, 327, 446, 273, 332, 68, 13, 31]",26.880817964723587,26.0,181.327814569536,246.562913907284
9,"[147, 8, 156, 341, 277, 218, 100, 419, 285, 327, 7, 446, 421, 13, 31, 172, 494, 328, 568, 154]",28.53084271145054,12.0,189.60310421286,234.946784922394
11,"[138, 123, 424, 333, 247, 427, 52, 567, 235, 177, 121, 262, 176, 12, 420, 553, 303, 68, 334, 66]",34.88252399686694,14.0,124.988290398126,299.208430913348
12,"[52, 235, 334, 35, 122, 303, 123, 502, 88, 424, 509, 247, 237, 320, 496, 11, 79, 296, 138, 42]",30.76038576122526,14.0,85.5890410958904,295.577299412915
13,"[172, 100, 327, 457, 155, 446, 277, 1, 356, 174, 308, 154, 270, 116, 147, 50, 580, 273, 9, 8]",26.751678513592253,13.0,160.16129032258,219.108658743633
14,"[228, 71, 311, 224, 53, 506, 313, 75, 373, 417, 512, 495, 81, 47, 86, 415, 58, 473, 170, 504]",29.714855050248076,33.0,45.0943396226415,229.353773584905
15,"[195, 282, 342, 505, 378, 164, 102, 346, 430, 190, 33, 245, 395, 572, 60, 278, 167, 316, 383, 544]",29.747425430810758,18.0,76.0340136054421,85.3242630385487
18,"[76, 110, 114, 363, 208, 322, 253, 115, 353, 406, 22, 429, 518, 93, 517, 46, 23, 354, 294, 408]",29.58306637074544,15.0,80.6087636932707,165.123630672926
19,"[263, 234, 319, 27, 448, 245, 405, 204, 167, 375, 23, 347, 430, 93, 0, 366, 33, 207, 488, 346]",41.4351629886575,18.0,18.7162393162393,117.986324786324
20,"[92, 152, 108, 404, 348, 113, 141, 484, 169, 38, 302, 409, 3, 149, 217, 451, 402, 188, 266, 250]",32.43986924779783,11.0,243.947598253275,150.294759825327
21,"[309, 150, 279, 64, 126, 481, 394, 124, 227, 574, 480, 362, 33, 60, 544, 164, 278, 204, 342, 375]",28.783953563325174,22.0,39.1548974943052,42.5671981776765
22,"[47, 353, 76, 208, 504, 53, 354, 373, 170, 368, 18, 411, 115, 207, 415, 453, 93, 228, 363, 114]",29.448461995725797,23.0,61.0345963756177,190.181219110378
23,"[253, 93, 347, 167, 518, 319, 110, 234, 405, 346, 448, 208, 453, 363, 18, 27, 46, 207, 245, 76]",31.731405009788794,28.0,56.2091503267973,137.529411764705
24,"[153, 111, 302, 338, 149, 321, 38, 169, 37, 168, 236, 519, 390, 345, 484, 284, 497, 225, 552, 197]",31.064564415532704,14.0,197.623913043478,153.810869565217
25,"[79, 320, 276, 90, 186, 122, 5, 237, 423, 509, 35, 86, 81, 473, 334, 502, 12, 313, 496, 495]",33.087276155100696,22.0,39.8653846153846,295.951923076923
27,"[234, 0, 366, 405, 19, 207, 93, 488, 319, 263, 453, 368, 23, 448, 460, 170, 518, 411, 347, 208]",36.15344140827842,27.0,18.3542039355992,145.860465116279
28,"[226, 171, 329, 386, 256, 66, 418, 42, 477, 296, 75, 257, 526, 50, 415, 116, 311, 176, 174, 88]",28.346892636717513,23.0,100.279932546374,233.342327150084
31,"[84, 331, 209, 120, 156, 192, 293, 421, 119, 6, 494, 341, 472, 218, 9, 8, 330, 233, 332, 355]",30.268160543701605,11.0,213.828784119106,259.454094292804
32,"[97, 310, 476, 191, 188, 140, 295, 3, 330, 244, 578, 475, 414, 350, 522, 192, 175, 7, 94, 462]",28.763734002418886,20.0,249.686440677966,214.476694915254
33,"[164, 204, 394, 375, 279, 64, 342, 544, 60, 245, 430, 21, 278, 15, 195, 126, 395, 150, 362, 481]",28.87711655162648,20.0,47.7041036717062,71.1490280777537
34,"[194, 380, 158, 315, 299, 159, 39, 474, 2, 461, 184, 343, 425, 118, 314, 248, 36, 537, 233, 119]",34.87097172736686,20.0,286.985,299.6625
35,"[88, 237, 303, 12, 122, 334, 509, 79, 496, 86, 235, 52, 320, 42, 296, 502, 25, 495, 224, 247]",27.71745857600921,22.0,72.7323600973236,280.428223844282
36,"[6, 248, 2, 69, 389, 187, 39, 461, 158, 425, 119, 293, 299, 233, 84, 184, 355, 120, 31, 474]",31.564705091626394,27.0,239.007547169811,297.649056603773
37,"[321, 552, 407, 236, 111, 112, 270, 154, 44, 24, 258, 338, 153, 284, 345, 412, 168, 155, 367, 519]",29.940731817730125,35.0,173.532544378698,171.899408284023
38,"[149, 225, 302, 402, 108, 216, 404, 390, 153, 24, 105, 92, 196, 20, 503, 484, 338, 217, 169, 344]",30.206188855089795,21.0,217.393238434163,130.606761565836
39,"[158, 299, 184, 2, 425, 248, 461, 34, 36, 474, 119, 314, 233, 6, 118, 159, 194, 380, 315, 343]",29.462054599757085,15.0,263.51948051948,287.077922077922
40,"[241, 372, 252, 4, 431, 251, 240, 269, 78, 393, 529, 148, 528, 493, 73, 280, 43, 555, 399, 82]",30.27364788372887,21.0,175.026666666666,66.3066666666666
42,"[296, 88, 28, 226, 418, 75, 496, 386, 66, 224, 303, 512, 35, 311, 86, 171, 495, 176, 329, 256]",28.79417122227531,32.0,87.3223529411764,252.324705882352
43,"[165, 240, 344, 280, 105, 507, 529, 269, 239, 196, 4, 260, 503, 241, 447, 216, 493, 40, 104, 372]",29.378864630892974,19.0,211.431542461005,78.4800693240901
44,"[112, 367, 412, 155, 77, 308, 485, 258, 37, 407, 270, 455, 408, 452, 116, 457, 321, 552, 257, 294]",30.522846145136434,23.0,144.198391420911,178.943699731903
46,"[297, 429, 517, 316, 253, 516, 110, 294, 406, 514, 363, 346, 114, 379, 18, 572, 166, 264, 317, 347]",29.143856113214973,44.0,95.6911764705882,133.220588235294
47,"[354, 22, 415, 373, 504, 311, 53, 75, 171, 353, 115, 256, 76, 228, 14, 208, 418, 512, 526, 224]",29.44739854978543,34.0,69.6603773584905,205.610062893081
48,"[246, 80, 107, 317, 166, 73, 56, 398, 401, 213, 264, 379, 514, 555, 449, 349, 82, 374, 284, 168]",30.231380518162087,15.0,139.284684684684,108.495495495495
50,"[174, 1, 273, 356, 66, 116, 477, 580, 68, 226, 172, 100, 386, 13, 176, 420, 329, 257, 28, 538]",27.572012178457364,24.0,134.44630071599,236.694510739856
52,"[235, 12, 123, 247, 303, 424, 334, 88, 11, 35, 138, 502, 122, 296, 176, 333, 42, 496, 509, 420]",29.585352138132055,22.0,98.8917197452229,290.276008492569
53,"[228, 373, 170, 14, 58, 411, 22, 504, 47, 368, 311, 353, 417, 460, 207, 71, 415, 75, 208, 354]",30.35742527362362,31.0,41.8766816143497,206.645739910313
56,"[349, 82, 401, 107, 399, 168, 48, 246, 73, 555, 284, 80, 497, 4, 449, 317, 269, 390, 196, 431]",28.171443543460533,28.0,163.486754966887,112.718543046357
58,"[170, 460, 53, 228, 411, 417, 368, 373, 0, 207, 488, 14, 71, 366, 504, 22, 453, 506, 353, 47]",36.74584791229489,31.0,17.8063829787234,203.882978723404
60,"[278, 126, 190, 395, 362, 164, 394, 342, 289, 33, 544, 162, 21, 195, 227, 15, 309, 505, 535, 444]",27.652702032865125,23.0,68.222024866785,52.3499111900532
64,"[279, 150, 204, 21, 33, 481, 375, 394, 164, 544, 309, 480, 126, 574, 60, 342, 245, 430, 124, 278]",33.03429568926474,27.0,26.4782608695652,60.9565217391304
65,"[396, 397, 205, 203, 254, 410, 183, 377, 281, 231, 387, 305, 479, 67, 306, 104, 151, 198, 230, 482]",38.68671173446552,38.0,299.295121951219,69.1439024390243
66,"[226, 386, 176, 28, 50, 420, 477, 296, 42, 329, 174, 247, 171, 273, 68, 418, 88, 256, 1, 356]",29.365398422147923,26.0,114.710344827586,248.379310344827
67,"[387, 403, 482, 250, 205, 109, 377, 183, 382, 306, 206, 141, 451, 397, 217, 65, 281, 106, 396, 562]",35.55787578684565,37.0,295.936936936936,116.738738738738
68,"[273, 1, 262, 210, 538, 422, 50, 420, 580, 176, 174, 100, 277, 333, 419, 8, 66, 121, 138, 567]",28.37635932182878,36.0,149.14983713355,259.270358306188
69,"[187, 389, 36, 6, 355, 293, 2, 248, 120, 211, 286, 119, 209, 84, 461, 39, 31, 425, 158, 332]",35.669150109357034,19.0,221.760368663594,304.877880184331
70,"[244, 376, 175, 173, 426, 118, 312, 295, 94, 416, 537, 578, 350, 97, 272, 471, 314, 456, 536, 184]",27.146665799396533,26.0,284.817567567567,234.29054054054
71,"[417, 313, 81, 506, 14, 228, 473, 5, 224, 495, 86, 53, 58, 90, 311, 512, 373, 75, 79, 423]",33.67005793995752,35.0,27.090909090909,240.479338842975
73,"[80, 555, 246, 431, 48, 56, 528, 398, 399, 401, 4, 213, 241, 82, 252, 40, 107, 269, 374, 349]",28.68106160670833,46.0,153.07,90.49
75,"[311, 224, 512, 418, 415, 14, 42, 47, 171, 28, 495, 86, 256, 296, 373, 228, 88, 313, 496, 354]",29.761022664690206,27.0,69.9758064516129,233.453629032258
76,"[18, 208, 353, 22, 363, 110, 114, 115, 354, 322, 47, 518, 93, 504, 453, 253, 368, 406, 207, 371]",28.68751609563592,28.0,73.0783898305084,175.20127118644
77,"[485, 408, 455, 371, 44, 367, 322, 412, 257, 155, 308, 116, 115, 294, 114, 526, 406, 112, 452, 258]",27.92942269427715,42.0,123.529137529137,183.065268065268
78,"[252, 148, 393, 232, 370, 528, 163, 40, 275, 388, 431, 372, 251, 524, 241, 443, 161, 73, 374, 213]",30.737817606668415,28.0,149.441176470588,51.1885813148788
79,"[237, 25, 320, 86, 5, 90, 509, 35, 122, 473, 81, 276, 423, 313, 495, 496, 334, 186, 88, 224]",27.39038193418105,31.0,48.2583333333333,280.702777777777
80,"[246, 48, 73, 398, 213, 166, 317, 56, 555, 401, 107, 379, 374, 528, 431, 514, 399, 264, 82, 102]",29.809105982881555,27.0,139.900608519269,96.1359026369168
81,"[313, 473, 5, 71, 506, 90, 86, 79, 495, 417, 237, 423, 224, 14, 276, 25, 512, 320, 496, 509]",29.284537177017135,44.0,32.7317073170731,259.530487804878
82,"[399, 349, 56, 4, 196, 269, 390, 555, 168, 497, 73, 401, 225, 284, 241, 431, 105, 107, 149, 338]",29.387220677431344,33.0,180.518518518518,107.329218106995
83,"[214, 339, 289, 385, 162, 444, 524, 535, 232, 275, 163, 190, 443, 383, 370, 126, 395, 60, 278, 362]",34.68649005533924,31.0,107.202469135802,25.1876543209876
84,"[331, 31, 293, 119, 192, 472, 6, 494, 421, 209, 120, 233, 330, 156, 218, 341, 248, 425, 389, 355]",28.11750304416214,44.0,221.909589041095,261.479452054794
86,"[495, 237, 224, 79, 313, 473, 496, 81, 35, 506, 88, 5, 512, 509, 75, 320, 42, 311, 90, 303]",26.658219347390684,45.0,55.5981308411214,262.940809968847
88,"[303, 35, 42, 296, 496, 235, 52, 12, 237, 86, 334, 224, 509, 247, 495, 122, 79, 226, 75, 66]",28.69966539400532,32.0,83.0111731843575,268.68156424581
90,"[5, 276, 423, 25, 79, 81, 186, 473, 320, 237, 313, 86, 71, 509, 506, 122, 495, 35, 224, 417]",32.84326072066706,29.0,26.2077087794432,280.657387580299
92,"[20, 108, 152, 404, 348, 141, 113, 484, 38, 169, 217, 302, 451, 402, 409, 149, 250, 3, 266, 216]",31.45600492574443,20.0,245.447619047619,147.523809523809
93,"[23, 207, 453, 208, 405, 518, 368, 234, 110, 27, 76, 253, 0, 353, 366, 18, 319, 22, 170, 363]",29.679555871314626,26.0,47.5489795918367,156.09387755102
94,"[160, 456, 295, 272, 140, 173, 97, 244, 462, 416, 70, 376, 307, 486, 3, 476, 32, 578, 175, 426]",27.744836976367054,28.0,285.972972972972,207.981981981982
97,"[32, 295, 244, 310, 476, 140, 578, 94, 3, 462, 175, 70, 188, 350, 522, 191, 426, 456, 330, 414]",27.203502729733174,28.0,262.043478260869,214.349637681159
98,"[365, 521, 125, 212, 198, 239, 369, 280, 189, 490, 428, 305, 493, 151, 43, 240, 251, 104, 507, 165]",32.80790813818514,36.0,227.220496894409,41.4751552795031
100,"[277, 172, 13, 327, 1, 8, 273, 446, 580, 419, 9, 174, 538, 147, 50, 68, 356, 457, 156, 210]",24.360019181645786,28.0,164.197802197802,233.296703296703
102,"[383, 282, 374, 213, 190, 195, 505, 15, 572, 163, 166, 379, 395, 535, 398, 289, 316, 342, 524, 378]",29.516353125438798,40.0,102.351674641148,76.9186602870813
104,"[260, 281, 447, 239, 106, 369, 306, 254, 165, 198, 183, 507, 216, 344, 217, 305, 43, 105, 397, 377]",31.006125451482575,28.0,250.548013245033,77.9701986754966
105,"[344, 165, 196, 216, 503, 43, 225, 507, 402, 260, 269, 240, 38, 447, 106, 149, 529, 4, 280, 82]",27.691368308900753,28.0,216.752293577981,98.6733944954128
106,"[217, 306, 260, 216, 104, 447, 281, 183, 250, 165, 503, 105, 402, 108, 482, 344, 377, 141, 239, 507]",30.15709646487428,34.0,250.315895372233,101.746478873239
107,"[401, 449, 317, 264, 56, 48, 246, 284, 168, 258, 349, 80, 452, 497, 73, 514, 555, 82, 112, 166]",28.118669578024384,36.0,148.048136645962,125.788819875776
108,"[92, 20, 404, 141, 152, 217, 38, 402, 348, 216, 302, 149, 484, 225, 106, 250, 113, 169, 451, 503]",30.180442339059073,37.0,242.278443113772,136.137724550898
109,"[382, 403, 206, 67, 387, 451, 562, 250, 482, 266, 141, 205, 307, 377, 486, 183, 160, 152, 348, 306]",42.16386629984661,35.0,307.202631578947,138.994736842105
110,"[363, 253, 18, 114, 76, 429, 518, 517, 208, 46, 23, 406, 93, 297, 353, 322, 294, 347, 453, 22]",28.175176128355297,34.0,78.0016583747927,152.668325041459
111,"[236, 24, 321, 519, 153, 37, 345, 552, 338, 302, 169, 197, 484, 407, 149, 168, 497, 284, 154, 390]",28.528528070297444,58.0,193.712,165.138666666666
112,"[258, 44, 407, 367, 37, 452, 321, 284, 449, 412, 485, 264, 77, 552, 168, 155, 107, 270, 308, 294]",29.734106138067354,34.0,152.236790606653,163.197651663405
113,"[188, 152, 348, 409, 3, 522, 414, 169, 20, 484, 92, 140, 266, 197, 404, 462, 191, 476, 108, 519]",28.403874878195587,47.0,246.680434782608,174.46304347826
114,"[322, 18, 363, 406, 110, 115, 76, 408, 429, 294, 371, 517, 77, 46, 253, 208, 297, 353, 354, 516]",27.939147446470923,37.0,95.0488505747126,167.244252873563
115,"[322, 371, 354, 114, 526, 256, 76, 171, 47, 18, 77, 408, 257, 415, 22, 363, 353, 455, 329, 406]",28.94417956907059,38.0,94.2481343283582,190.679104477611
116,"[257, 356, 155, 455, 308, 174, 50, 172, 329, 457, 477, 77, 412, 13, 526, 371, 256, 44, 485, 580]",27.821493501973634,32.0,131.079295154185,212.072687224669
118,"[537, 314, 184, 312, 175, 343, 70, 426, 159, 376, 474, 471, 244, 350, 536, 299, 233, 173, 39, 315]",27.66869723773184,32.0,284.668393782383,256.567357512953
119,"[233, 6, 84, 425, 248, 472, 331, 31, 184, 39, 36, 192, 293, 536, 350, 314, 330, 158, 175, 299]",28.87166076585782,30.0,241.162570888468,267.894139886578
120,"[209, 293, 355, 211, 332, 286, 31, 421, 84, 187, 6, 156, 69, 389, 210, 331, 8, 422, 119, 341]",29.25298367877365,30.0,200.289183222958,278.982339955849
121,"[177, 553, 567, 427, 262, 286, 211, 333, 210, 332, 422, 138, 11, 68, 355, 209, 120, 538, 424, 420]",32.18574985618227,50.0,159.76,295.69
122,"[334, 320, 509, 502, 35, 12, 237, 79, 25, 303, 235, 52, 88, 496, 86, 276, 123, 90, 186, 5]",30.811310402954653,39.0,64.6894117647058,299.418823529411
123,"[424, 52, 235, 11, 12, 138, 247, 334, 502, 303, 333, 427, 35, 122, 88, 567, 176, 420, 509, 296]",34.188951808455634,36.0,106.823061630218,304.620278330019
124,"[309, 227, 480, 574, 21, 150, 481, 126, 362, 279, 394, 64, 162, 60, 278, 544, 444, 33, 164, 289]",40.19463003650263,35.0,35.6447638603696,17.2012320328542
125,"[490, 212, 189, 521, 98, 365, 351, 493, 251, 280, 428, 198, 161, 369, 239, 151, 305, 372, 240, 388]",37.65716939889569,48.0,215.617283950617,22.6296296296296
126,"[362, 60, 278, 227, 162, 309, 21, 394, 574, 395, 289, 544, 444, 164, 190, 342, 124, 33, 279, 535]",27.76671732399542,35.0,62.2794376098418,39.5079086115993
138,"[11, 333, 247, 424, 123, 427, 567, 262, 52, 176, 420, 235, 121, 177, 553, 68, 12, 303, 66, 210]",30.79809380360526,39.0,127.587557603686,291.534562211981
140,"[462, 3, 295, 97, 522, 476, 409, 94, 188, 456, 32, 160, 266, 113, 486, 310, 414, 244, 578, 272]",26.201994765421112,49.0,267.752808988764,195.969101123595
141,"[250, 451, 108, 152, 92, 217, 348, 482, 403, 20, 206, 382, 404, 306, 266, 67, 106, 562, 409, 113]",30.872592045441053,58.0,264.40465116279,136.381395348837
147,"[9, 285, 341, 218, 568, 327, 446, 156, 154, 7, 8, 277, 100, 328, 13, 419, 172, 494, 270, 236]",26.43779467480153,35.0,189.876543209876,222.427983539094
148,"[78, 388, 393, 252, 161, 232, 275, 251, 443, 370, 40, 372, 528, 189, 241, 163, 431, 351, 493, 524]",30.895895539894504,41.0,158.435523114355,38.330900243309
149,"[38, 302, 225, 390, 153, 402, 24, 338, 404, 196, 108, 216, 105, 168, 111, 484, 503, 349, 497, 82]",28.731604199526487,38.0,208.651340996168,133.088122605364
150,"[481, 64, 21, 279, 480, 309, 124, 574, 394, 204, 33, 227, 544, 126, 375, 362, 164, 60, 278, 342]",34.52371138974457,41.0,21.0919811320754,44.2594339622641
151,"[305, 230, 428, 198, 410, 203, 479, 254, 365, 212, 369, 98, 364, 231, 239, 104, 281, 125, 490, 65]",33.61030273192283,37.0,262.837060702875,34.6805111821086
152,"[348, 92, 20, 113, 108, 141, 409, 404, 451, 266, 484, 3, 169, 188, 522, 206, 562, 414, 140, 382]",29.439978428995726,40.0,252.490861618798,157.613577023498
153,"[338, 24, 302, 149, 111, 390, 168, 321, 497, 284, 38, 349, 225, 37, 519, 407, 236, 82, 169, 484]",28.30212827954021,39.0,192.547222222222,144.516666666666
154,"[270, 568, 285, 236, 147, 327, 446, 552, 13, 172, 457, 37, 155, 345, 308, 100, 9, 412, 197, 111]",28.944878152921625,44.0,178.951785714285,200.369642857142
155,"[308, 412, 457, 116, 44, 172, 270, 13, 356, 455, 77, 485, 257, 154, 327, 174, 367, 446, 112, 37]",27.21663836834812,36.0,147.322519083969,199.297709923664
156,"[341, 8, 9, 421, 419, 147, 209, 218, 277, 31, 494, 331, 84, 100, 210, 120, 285, 332, 422, 192]",26.612455630183142,44.0,194.222466960352,246.189427312775
158,"[39, 299, 461, 2, 34, 248, 425, 474, 184, 36, 380, 194, 314, 315, 233, 159, 119, 6, 343, 118]",28.556576862365496,41.0,267.131221719457,294.542986425339
159,"[315, 343, 34, 118, 474, 194, 299, 380, 184, 537, 312, 471, 314, 158, 39, 426, 70, 376, 425, 175]",33.7941055621952,34.0,300.791366906474,278.539568345323
160,"[307, 94, 456, 272, 486, 462, 140, 416, 266, 295, 173, 562, 97, 376, 3, 409, 244, 70, 206, 476]",30.351649715598672,41.0,295.233502538071,195.469543147208
161,"[388, 148, 351, 189, 251, 443, 275, 393, 78, 252, 232, 372, 493, 125, 40, 385, 370, 521, 214, 241]",38.867280292528974,41.0,170.369609856262,19.6283367556468
162,"[444, 289, 126, 362, 227, 83, 60, 278, 339, 535, 190, 395, 214, 574, 309, 383, 394, 524, 21, 385]",32.82609522549271,46.0,81.1465517241379,27.3241379310344
163,"[524, 370, 232, 374, 383, 339, 535, 78, 213, 102, 289, 83, 190, 528, 275, 214, 252, 393, 148, 443]",30.197289016055993,44.0,121.513245033112,54.3145695364238
164,"[33, 342, 544, 394, 278, 60, 430, 195, 375, 15, 279, 395, 245, 204, 505, 64, 126, 21, 378, 362]",25.5834670028195,45.0,56.0875370919881,70.8412462908011
165,"[344, 105, 43, 507, 260, 447, 503, 239, 216, 280, 240, 196, 104, 529, 106, 269, 402, 225, 369, 4]",26.26846979788913,39.0,222.505555555555,85.7444444444444
166,"[379, 398, 213, 514, 316, 317, 246, 48, 80, 572, 282, 102, 374, 297, 46, 264, 73, 107, 516, 401]",28.619957473976672,39.0,117.181141439205,103.183622828784
167,"[347, 346, 245, 23, 378, 448, 319, 430, 253, 15, 234, 263, 195, 46, 316, 518, 110, 282, 19, 375]",31.99994441606098,36.0,59.75,115.539179104477
168,"[284, 497, 349, 338, 153, 56, 107, 390, 82, 321, 449, 401, 258, 24, 407, 399, 112, 149, 37, 111]",27.917312816652363,33.0,173.08395522388,134.56343283582
169,"[484, 197, 519, 345, 113, 111, 414, 188, 302, 24, 236, 404, 20, 152, 92, 348, 191, 522, 153, 149]",30.329362243862533,44.0,221.161943319838,171.315789473684
170,"[411, 368, 207, 53, 58, 460, 504, 373, 0, 228, 366, 488, 453, 22, 353, 208, 93, 47, 14, 76]",28.01334831823034,43.0,32.3833780160857,189.965147453083
171,"[256, 28, 329, 418, 526, 415, 226, 257, 354, 115, 47, 75, 386, 371, 477, 311, 42, 66, 116, 455]",27.496707133660358,33.0,94.9024390243902,218.240150093808
172,"[13, 327, 100, 457, 446, 356, 277, 155, 174, 308, 580, 1, 270, 154, 116, 273, 50, 147, 419, 8]",24.27537059412133,38.0,158.302107728337,219.658079625292
173,"[416, 376, 272, 70, 312, 94, 456, 244, 471, 160, 295, 426, 118, 175, 537, 307, 97, 578, 486, 462]",30.103302656801077,39.0,301.098434004474,225.152125279642
174,"[50, 356, 580, 273, 116, 1, 172, 477, 100, 13, 66, 457, 68, 257, 327, 308, 226, 386, 329, 277]",25.93957152341833,48.0,138.321212121212,231.579797979797
175,"[350, 426, 244, 70, 536, 578, 118, 314, 233, 376, 184, 537, 97, 295, 312, 310, 32, 330, 173, 472]",26.211859667967047,40.0,269.145454545454,242.277272727272
176,"[420, 66, 247, 386, 333, 226, 68, 262, 296, 138, 50, 477, 273, 174, 42, 52, 424, 28, 303, 235]",29.928822989320633,60.0,121.242914979757,262.95951417004
177,"[121, 553, 427, 567, 286, 211, 262, 138, 333, 11, 332, 210, 355, 422, 68, 120, 424, 209, 123, 247]",36.852497170115704,39.0,159.316593886462,305.796943231441
183,"[377, 306, 281, 397, 205, 482, 250, 67, 387, 106, 65, 254, 104, 217, 260, 396, 447, 403, 141, 203]",31.118921083715414,41.0,278.97911227154,92.8172323759791
184,"[314, 299, 474, 39, 118, 425, 233, 158, 536, 175, 537, 343, 119, 350, 248, 159, 426, 34, 461, 315]",26.46205446737124,40.0,270.494529540481,270.496717724288
186,"[276, 25, 423, 90, 320, 5, 79, 122, 237, 509, 81, 473, 86, 334, 35, 502, 313, 495, 12, 506]",45.25885571531629,36.0,21.7767584097859,306.146788990825
187,"[69, 389, 355, 36, 6, 293, 120, 211, 286, 248, 209, 2, 332, 84, 119, 31, 461, 425, 421, 331]",34.16048900200338,41.0,216.082262210796,302.560411311054
188,"[414, 522, 113, 3, 191, 32, 476, 140, 409, 197, 310, 169, 97, 475, 462, 348, 152, 484, 345, 328]",27.539133689247585,45.0,242.62996941896,191.480122324159
189,"[251, 351, 125, 493, 521, 161, 98, 372, 388, 490, 280, 365, 148, 212, 240, 40, 241, 393, 529, 252]",33.9137270446219,52.0,197.022277227722,32.3935643564356
190,"[395, 289, 383, 278, 535, 60, 102, 195, 505, 342, 15, 339, 162, 126, 163, 282, 362, 164, 444, 524]",27.551618601822288,41.0,88.8875255623721,58.2576687116564
191,"[475, 414, 328, 310, 188, 32, 7, 197, 218, 476, 330, 522, 97, 192, 345, 3, 113, 169, 285, 494]",28.023608236225463,51.0,230.263917525773,207.039175257731
192,"[330, 331, 472, 494, 218, 84, 31, 310, 328, 475, 7, 350, 233, 119, 191, 32, 341, 536, 156, 421]",27.57420104452787,43.0,229.136445242369,240.387791741472
194,"[380, 34, 315, 159, 299, 158, 474, 343, 461, 39, 2, 184, 118, 425, 314, 248, 537, 36, 312, 471]",41.2391754999112,40.0,297.552338530066,306.817371937639
195,"[15, 505, 282, 342, 378, 102, 395, 164, 190, 572, 346, 430, 278, 383, 60, 33, 245, 544, 316, 394]",26.84018838265784,46.0,78.780303030303,82.070707070707
196,"[105, 225, 269, 344, 82, 503, 390, 399, 4, 165, 43, 402, 216, 149, 529, 507, 349, 240, 38, 241]",27.170224118299853,52.0,201.422360248447,103.641821946169
197,"[345, 169, 519, 191, 414, 236, 188, 328, 7, 484, 475, 111, 285, 113, 568, 154, 218, 522, 24, 552]",30.418104509377322,46.0,215.547557840616,188.845758354755
198,"[305, 369, 151, 428, 365, 254, 239, 98, 104, 230, 212, 281, 410, 203, 447, 521, 260, 479, 280, 125]",31.530453160717826,43.0,252.197452229299,48.6072186836518
203,"[410, 231, 479, 254, 396, 65, 230, 305, 151, 364, 397, 198, 428, 281, 369, 183, 205, 104, 377, 365]",34.99740807616377,45.0,288.627615062761,45.705020920502
204,"[375, 64, 33, 279, 245, 164, 430, 544, 394, 263, 448, 150, 481, 342, 21, 19, 319, 167, 15, 278]",33.615364490602026,45.0,29.3793814432989,80.3134020618556
205,"[377, 387, 183, 65, 397, 67, 396, 482, 281, 306, 250, 403, 254, 109, 203, 410, 106, 104, 217, 141]",38.569887197407866,43.0,302.109053497942,92.8971193415637
206,"[382, 451, 266, 562, 109, 403, 141, 486, 348, 250, 152, 307, 67, 409, 482, 160, 92, 387, 462, 20]",33.21571486002475,46.0,288.802150537634,153.225806451612
207,"[368, 453, 366, 0, 170, 411, 93, 488, 405, 208, 460, 27, 353, 504, 22, 518, 234, 53, 58, 76]",27.020355151116803,44.0,33.8090452261306,171.165829145728
208,"[353, 76, 22, 453, 93, 518, 18, 504, 368, 363, 110, 207, 411, 170, 354, 253, 47, 114, 23, 405]",27.030653941082342,48.0,60.8100840336134,172.310924369747
209,"[120, 332, 421, 293, 355, 31, 156, 211, 84, 286, 210, 8, 422, 331, 341, 419, 187, 6, 9, 494]",27.837525214779543,46.0,196.386206896551,271.011494252873
210,"[422, 68, 538, 262, 332, 8, 419, 273, 1, 277, 209, 121, 156, 421, 100, 286, 211, 120, 553, 580]",28.223335416069233,46.0,168.027093596059,266.453201970443
211,"[286, 355, 120, 332, 209, 121, 187, 177, 553, 293, 210, 69, 422, 389, 421, 6, 31, 262, 567, 84]",32.67571574275347,37.0,188.048387096774,294.915322580645
212,"[365, 490, 125, 98, 428, 521, 151, 198, 305, 189, 230, 369, 351, 239, 280, 493, 479, 251, 254, 410]",38.49475470043133,51.0,234.342975206611,20.24173553719
213,"[374, 398, 166, 80, 102, 379, 246, 163, 73, 48, 370, 383, 528, 282, 572, 514, 317, 316, 524, 78]",29.904422324512268,46.0,123.933054393305,83.6506276150627
214,"[385, 83, 275, 339, 232, 443, 524, 444, 289, 163, 162, 535, 370, 148, 78, 388, 383, 190, 393, 161]",36.17856496133119,49.0,117.666666666666,18.0222222222222
216,"[402, 503, 105, 106, 217, 344, 225, 260, 165, 447, 38, 196, 108, 507, 306, 149, 104, 43, 404, 302]",27.59181362177578,51.0,231.104738154613,108.044887780548
217,"[106, 306, 216, 250, 108, 141, 402, 260, 482, 503, 447, 183, 281, 404, 92, 104, 377, 105, 38, 225]",31.03155187625918,65.0,251.746875,113.771875
218,"[328, 7, 494, 341, 192, 147, 285, 475, 156, 9, 330, 191, 331, 568, 31, 421, 472, 84, 310, 8]",26.94205452176335,48.0,211.182212581344,227.407809110629
224,"[512, 311, 75, 495, 86, 14, 313, 506, 496, 42, 418, 473, 81, 88, 296, 237, 415, 71, 228, 35]",27.299218310805912,50.0,61.2990654205607,244.546728971962
225,"[149, 402, 38, 196, 390, 216, 105, 503, 302, 344, 153, 82, 404, 108, 165, 338, 349, 24, 269, 399]",28.340109868673345,51.0,211.482558139534,119.78488372093
226,"[386, 66, 28, 329, 477, 296, 42, 418, 171, 176, 256, 50, 420, 174, 257, 526, 88, 116, 356, 75]",26.672468455858528,47.0,107.337711069418,240.825515947467
227,"[309, 126, 574, 362, 124, 21, 162, 60, 444, 480, 278, 394, 481, 150, 279, 289, 544, 395, 164, 64]",32.80377787320326,49.0,54.9474637681159,23.6920289855072
228,"[373, 53, 14, 417, 58, 170, 71, 411, 504, 506, 311, 47, 313, 512, 224, 22, 415, 75, 460, 368]",29.979944784002402,66.0,39.0631578947368,216.355263157894
230,"[479, 151, 428, 364, 305, 410, 203, 231, 198, 254, 212, 365, 369, 396, 98, 65, 490, 397, 281, 239]",37.95004957719115,53.0,274.800415800415,23.9750519750519
231,"[364, 479, 203, 410, 230, 396, 151, 65, 305, 254, 428, 198, 397, 281, 205, 369, 212, 365, 183, 377]",47.52354128290726,48.0,301.876404494382,27.4089887640449
232,"[275, 370, 163, 524, 78, 148, 443, 339, 393, 214, 252, 83, 385, 388, 528, 374, 535, 383, 161, 289]",29.451069535584942,51.0,133.676864244741,40.2045889101338
233,"[119, 536, 425, 350, 314, 472, 184, 175, 248, 84, 192, 331, 39, 330, 6, 426, 299, 118, 474, 578]",27.317822059492414,50.0,250.572383073496,261.445434298441
234,"[319, 27, 405, 19, 263, 23, 448, 93, 366, 347, 453, 207, 0, 167, 518, 488, 245, 368, 253, 208]",32.45660104905515,50.0,29.4875,135.6625
235,"[52, 12, 303, 123, 334, 247, 424, 88, 35, 502, 122, 138, 11, 296, 509, 496, 176, 237, 333, 42]",27.930748647896785,47.0,95.3552361396303,291.112936344969
236,"[345, 111, 552, 154, 37, 519, 197, 321, 270, 568, 285, 169, 24, 407, 153, 147, 338, 484, 328, 7]",30.166599737677736,52.0,191.760869565217,183.067632850241
237,"[79, 509, 86, 320, 35, 496, 122, 473, 495, 334, 88, 25, 303, 81, 5, 313, 90, 224, 502, 12]",26.246798373845355,60.0,58.0931372549019,278.171568627451
239,"[369, 447, 104, 260, 165, 280, 507, 198, 98, 43, 344, 365, 521, 240, 281, 305, 254, 105, 529, 106]",29.20819155304095,56.0,234.371373307543,66.0812379110251
240,"[529, 280, 43, 269, 241, 493, 372, 507, 344, 4, 165, 40, 251, 196, 105, 239, 431, 521, 503, 189]",27.29478610562419,48.0,200.599542334096,72.112128146453
241,"[40, 372, 431, 4, 269, 240, 529, 252, 251, 493, 555, 393, 528, 73, 399, 280, 43, 82, 78, 196]",27.225037365636886,54.0,179.08,71.8357894736842
244,"[70, 295, 175, 426, 578, 97, 376, 350, 94, 173, 476, 416, 536, 32, 310, 118, 456, 140, 537, 312]",25.024438199354176,51.0,273.642553191489,228.43829787234
245,"[430, 448, 375, 167, 347, 204, 378, 164, 346, 33, 319, 263, 342, 15, 195, 544, 19, 505, 23, 394]",29.37260833992321,51.0,48.3837837837837,97.7567567567567
246,"[48, 80, 317, 398, 401, 73, 107, 166, 56, 555, 213, 379, 514, 264, 449, 349, 374, 399, 431, 82]",27.04188165332697,52.0,140.458974358974,106.276923076923
247,"[424, 138, 176, 235, 52, 333, 420, 123, 11, 303, 296, 88, 12, 66, 262, 567, 386, 334, 42, 427]",29.387283614233574,61.0,112.851318944844,280.9448441247
248,"[425, 36, 461, 158, 6, 39, 389, 119, 2, 299, 233, 184, 69, 474, 293, 187, 314, 84, 472, 536]",28.559691675269526,67.0,247.005847953216,289.131578947368
250,"[482, 141, 403, 306, 217, 67, 377, 183, 387, 451, 106, 382, 108, 206, 109, 205, 92, 281, 152, 397]",31.159377453505204,55.0,273.699579831932,120.689075630252
251,"[372, 493, 189, 40, 241, 148, 388, 393, 252, 161, 240, 351, 280, 521, 529, 78, 431, 125, 98, 528]",30.406285968743948,56.0,184.70436187399,45.3182552504038
252,"[393, 78, 528, 148, 40, 431, 372, 370, 241, 251, 232, 388, 73, 163, 4, 555, 493, 275, 161, 374]",29.075457540592858,54.0,158.775423728813,58.4915254237288
253,"[110, 23, 363, 518, 46, 517, 429, 347, 18, 167, 346, 297, 93, 114, 208, 406, 76, 316, 319, 405]",29.092995599344,51.0,74.2543021032504,140.355640535372
254,"[281, 305, 397, 203, 410, 198, 104, 65, 369, 151, 396, 183, 377, 239, 230, 447, 306, 428, 260, 479]",31.222014233438422,59.0,272.201877934272,62.4014084507042
256,"[171, 329, 526, 28, 418, 257, 415, 354, 115, 371, 226, 477, 47, 386, 75, 455, 116, 311, 66, 322]",26.569177969682006,52.0,96.9954337899543,215.511415525114
257,"[455, 116, 526, 329, 371, 256, 356, 477, 171, 77, 308, 174, 115, 155, 485, 28, 412, 226, 50, 386]",26.600353059179195,58.0,118.172786177105,208.760259179265
258,"[112, 452, 407, 449, 367, 284, 264, 44, 107, 321, 168, 37, 294, 497, 485, 516, 412, 401, 317, 338]",28.203392800071533,54.0,148.408983451536,153.371158392434
260,"[447, 104, 106, 165, 239, 216, 281, 306, 344, 507, 503, 217, 105, 369, 43, 402, 183, 280, 254, 198]",27.517657067075742,54.0,242.12523719165,87.7172675521821
262,"[68, 333, 210, 422, 567, 121, 538, 273, 420, 138, 176, 553, 1, 427, 177, 247, 332, 11, 580, 419]",29.138860247457092,56.0,148.521857923497,274.196721311475
263,"[19, 448, 319, 234, 245, 375, 204, 27, 430, 347, 167, 405, 23, 33, 346, 93, 64, 378, 164, 366]",38.603958222636024,59.0,22.1094091903719,112.249452954048
264,"[317, 452, 449, 516, 107, 294, 258, 514, 297, 401, 246, 48, 367, 284, 112, 406, 166, 46, 429, 379]",28.58718070337709,57.0,132.508090614886,136.533980582524
266,"[562, 206, 409, 451, 486, 382, 462, 348, 140, 160, 307, 3, 152, 113, 522, 456, 141, 94, 403, 109]",29.653728600827616,56.0,279.931398416886,170.530343007915
269,"[4, 529, 241, 399, 196, 240, 82, 431, 43, 344, 555, 40, 372, 105, 280, 507, 165, 349, 73, 56]",27.131863302708645,60.0,189.012315270935,88.5270935960591
270,"[154, 457, 552, 308, 155, 412, 568, 446, 327, 37, 172, 236, 13, 285, 44, 407, 321, 147, 112, 356]",28.13361400809754,70.0,167.717996289424,195.729128014842
272,"[416, 456, 173, 160, 94, 307, 376, 486, 295, 70, 462, 244, 140, 312, 471, 97, 426, 578, 266, 562]",30.603710485558302,59.0,301.685512367491,209.86219081272
273,"[1, 68, 580, 538, 174, 50, 100, 277, 422, 210, 262, 356, 419, 420, 172, 327, 176, 13, 8, 446]",25.193470198875183,58.0,149.442477876106,246.949852507374
275,"[443, 232, 385, 214, 148, 388, 524, 78, 339, 83, 370, 393, 161, 163, 252, 528, 535, 289, 251, 444]",33.238445303681296,61.0,137.449888641425,24.4097995545657
276,"[423, 186, 90, 25, 5, 320, 79, 473, 81, 237, 509, 122, 86, 313, 495, 506, 35, 71, 334, 502]",37.47228145864328,57.0,23.04537521815,293.514834205933
277,"[100, 419, 327, 8, 446, 538, 580, 273, 172, 1, 9, 13, 156, 341, 147, 210, 422, 68, 174, 457]",23.472971505184095,57.0,170.2,238.060674157303
278,"[60, 395, 126, 362, 342, 190, 394, 164, 544, 289, 505, 162, 195, 33, 535, 383, 444, 15, 227, 21]",25.331535281085493,57.0,69.8730569948186,54.1761658031088
279,"[64, 481, 394, 150, 21, 544, 204, 33, 375, 309, 164, 480, 574, 126, 362, 342, 278, 60, 430, 227]",28.255123488610753,61.0,32.892578125,58.0390625
280,"[240, 529, 43, 493, 507, 239, 521, 165, 344, 98, 372, 251, 269, 241, 369, 189, 447, 105, 365, 40]",28.541449457528046,63.0,210.966469428007,63.956607495069
281,"[104, 183, 254, 306, 397, 260, 377, 447, 106, 369, 239, 198, 217, 65, 482, 305, 205, 396, 250, 203]",30.70063820990045,65.0,265.397705544933,80.8413001912046
282,"[572, 195, 505, 102, 378, 316, 15, 379, 346, 166, 383, 342, 213, 374, 395, 190, 514, 398, 430, 167]",28.17059870597376,66.0,91.9247787610619,91.1570796460176
284,"[168, 497, 449, 338, 349, 258, 407, 107, 321, 401, 153, 56, 112, 452, 390, 264, 37, 82, 24, 111]",26.64023006237601,59.0,165.988344988344,139.314685314685
285,"[568, 147, 154, 328, 218, 446, 341, 7, 327, 9, 236, 270, 345, 197, 156, 277, 475, 494, 419, 191]",28.199871393660693,70.0,193.881481481481,213.36049382716
286,"[211, 355, 332, 120, 121, 553, 209, 177, 187, 293, 210, 422, 69, 389, 421, 567, 262, 427, 6, 31]",32.66629263489176,54.0,185.411371237458,296.471571906354
289,"[535, 190, 339, 162, 444, 395, 383, 278, 83, 60, 524, 362, 126, 163, 102, 214, 505, 342, 195, 227]",28.14820793536112,59.0,91.4654377880184,43.1244239631336
293,"[120, 84, 209, 355, 389, 6, 187, 421, 31, 331, 332, 69, 119, 211, 36, 248, 286, 472, 494, 156]",28.6905314385956,69.0,214.61625282167,279.011286681715
294,"[406, 516, 408, 429, 297, 264, 452, 517, 114, 367, 46, 322, 485, 77, 258, 363, 317, 514, 449, 110]",27.722172608871535,60.0,115.324257425742,152.029702970297
295,"[244, 97, 94, 476, 578, 140, 462, 456, 70, 376, 426, 416, 32, 310, 272, 175, 160, 173, 350, 522]",25.02380711251657,67.0,273.560070671378,214.399293286219
296,"[42, 88, 303, 496, 386, 226, 418, 66, 28, 176, 247, 35, 512, 224, 420, 75, 235, 52, 86, 477]",28.655267407410037,62.0,91.8377823408624,257.29568788501
297,"[46, 429, 517, 516, 294, 316, 514, 406, 264, 317, 379, 253, 166, 110, 363, 572, 114, 452, 346, 408]",28.003427158701662,62.0,105.023668639053,133.147928994082
299,"[474, 158, 184, 39, 425, 461, 34, 314, 248, 315, 343, 159, 380, 2, 118, 194, 233, 537, 36, 119]",26.73061315723903,61.0,273.60281195079,285.643233743409
302,"[149, 38, 153, 24, 404, 225, 390, 484, 338, 111, 402, 169, 519, 108, 92, 20, 497, 321, 168, 345]",29.0321654777025,63.0,210.752186588921,143.383381924198
303,"[88, 235, 496, 35, 334, 296, 52, 12, 247, 509, 42, 237, 502, 122, 424, 123, 86, 176, 320, 79]",27.58271147750751,67.0,86.4863731656184,278.396226415094
305,"[151, 198, 428, 254, 230, 369, 410, 203, 365, 479, 98, 212, 239, 281, 104, 364, 231, 397, 396, 65]",31.449682948371866,62.0,261.823170731707,43.0020325203252
306,"[106, 217, 183, 281, 250, 377, 482, 260, 104, 447, 397, 216, 141, 67, 387, 254, 205, 108, 403, 503]",30.210504184999355,60.0,263.621145374449,100.548458149779
307,"[160, 486, 272, 456, 562, 94, 266, 462, 416, 206, 140, 173, 382, 295, 409, 451, 376, 109, 3, 97]",35.769463949223635,54.0,304.9375,186.704861111111
308,"[155, 412, 457, 116, 455, 356, 270, 172, 44, 485, 13, 257, 77, 327, 174, 446, 154, 367, 580, 100]",26.31790119329355,63.0,145.641646489104,200.709443099273
309,"[574, 21, 227, 124, 480, 481, 362, 126, 150, 394, 279, 544, 64, 278, 60, 164, 162, 33, 444, 342]",28.792755265355787,66.0,41.5734157650695,33.5625965996908
310,"[32, 476, 475, 330, 191, 97, 578, 414, 188, 350, 192, 295, 244, 328, 522, 140, 472, 175, 7, 218]",26.634251440773824,63.0,245.514211886304,218.291989664082
311,"[512, 75, 224, 415, 418, 14, 495, 47, 373, 228, 506, 42, 171, 313, 354, 86, 53, 256, 496, 28]",28.049111460158507,66.0,65.3413461538461,230.336538461538
312,"[471, 376, 537, 118, 173, 343, 70, 426, 416, 159, 175, 244, 314, 272, 184, 474, 295, 315, 578, 94]",30.365232676352445,60.0,301.06546275395,246.909706546275
313,"[506, 81, 473, 71, 495, 86, 224, 14, 417, 5, 512, 79, 237, 311, 90, 228, 75, 496, 423, 509]",27.788921003203747,63.0,38.6742268041237,251.041237113402
314,"[184, 536, 118, 474, 233, 537, 426, 175, 425, 350, 299, 343, 39, 119, 158, 578, 70, 244, 312, 248]",25.97237212955447,68.0,270.135396518375,262.16827852998
315,"[159, 194, 380, 343, 34, 474, 299, 158, 184, 537, 118, 39, 471, 314, 312, 461, 425, 2, 426, 248]",36.34357311707775,60.0,302.543046357615,289.543046357615
316,"[572, 379, 514, 166, 297, 46, 282, 346, 378, 517, 429, 317, 516, 398, 102, 195, 253, 15, 213, 505]",29.305509306782806,64.0,99.0392156862745,112.249299719887
317,"[264, 514, 246, 107, 48, 166, 401, 379, 398, 449, 516, 80, 297, 452, 316, 56, 294, 73, 258, 213]",27.25834660264841,63.0,130.952618453865,120.296758104738
319,"[448, 234, 263, 347, 405, 19, 167, 23, 245, 27, 430, 93, 518, 346, 253, 375, 378, 453, 204, 366]",31.97497677718967,67.0,37.8745874587458,124.026402640264
320,"[509, 122, 25, 79, 237, 334, 276, 502, 35, 90, 423, 186, 86, 473, 5, 496, 12, 303, 81, 495]",29.936423997002805,66.0,51.1708333333333,295.585416666666
321,"[407, 37, 111, 552, 338, 284, 153, 112, 236, 497, 24, 258, 168, 270, 519, 449, 345, 367, 44, 302]",28.444713873118662,69.0,175.761772853185,161.069252077562
322,"[114, 408, 115, 371, 406, 77, 363, 18, 485, 294, 76, 354, 526, 429, 455, 110, 257, 517, 367, 256]",28.236699712887894,62.0,100.732656514382,177.521150592216
327,"[446, 172, 100, 277, 13, 457, 147, 154, 580, 419, 568, 270, 285, 356, 9, 8, 273, 308, 1, 174]",24.111640405575262,62.0,168.426108374384,222.145320197044
328,"[218, 475, 7, 191, 285, 494, 330, 147, 568, 197, 192, 341, 310, 414, 345, 9, 156, 331, 32, 188]",28.19260925998061,69.0,215.093333333333,216.608
329,"[256, 477, 526, 171, 257, 226, 28, 386, 418, 116, 66, 455, 371, 356, 174, 415, 50, 115, 354, 42]",26.117216538464483,69.0,107.489528795811,223.547120418848
330,"[192, 472, 310, 475, 494, 331, 350, 218, 328, 578, 32, 191, 536, 233, 84, 7, 476, 175, 97, 119]",27.078716633703642,68.0,235.944071588366,234.601789709172
331,"[84, 494, 472, 192, 31, 330, 421, 119, 293, 218, 156, 233, 341, 209, 6, 120, 328, 536, 350, 475]",27.69151620872865,68.0,222.148235294117,253.15294117647
332,"[209, 286, 422, 120, 211, 355, 210, 421, 293, 553, 121, 419, 156, 8, 538, 262, 177, 31, 341, 187]",29.580083185251006,73.0,184.592592592592,277.541666666666
333,"[138, 567, 262, 247, 427, 420, 11, 176, 424, 121, 68, 553, 177, 123, 422, 52, 210, 235, 273, 538]",29.96928270710568,73.0,133.692857142857,284.457142857142
334,"[502, 122, 12, 509, 235, 303, 35, 320, 52, 237, 88, 123, 496, 424, 79, 247, 25, 86, 296, 42]",29.223825527371993,66.0,77.4302554027504,297.567779960707
338,"[153, 497, 168, 390, 284, 321, 111, 24, 302, 349, 149, 407, 37, 225, 552, 449, 38, 82, 258, 519]",27.995270314117466,71.0,185.068796068796,143.4914004914
339,"[524, 83, 535, 289, 214, 444, 163, 232, 383, 385, 162, 190, 275, 370, 395, 443, 374, 278, 102, 362]",29.986262633610135,72.0,108.199658703071,35.5273037542662
341,"[156, 9, 218, 147, 421, 494, 419, 8, 285, 277, 328, 331, 446, 568, 327, 7, 31, 209, 192, 100]",26.429917138894133,70.0,195.778534923339,238.301533219761
342,"[164, 544, 195, 505, 395, 278, 394, 15, 33, 430, 60, 378, 190, 245, 282, 375, 362, 126, 279, 383]",25.665686703972558,69.0,65.9911111111111,72.2222222222222
343,"[159, 537, 315, 118, 474, 312, 471, 184, 314, 299, 34, 426, 376, 380, 194, 70, 158, 175, 39, 425]",31.061706398539048,67.0,297.992882562277,269.681494661921
344,"[165, 507, 105, 503, 43, 196, 216, 447, 260, 240, 529, 280, 269, 239, 225, 402, 106, 104, 4, 369]",25.765862066498165,66.0,217.395604395604,90.3890109890109
345,"[519, 197, 236, 169, 111, 552, 484, 568, 285, 414, 154, 191, 328, 24, 37, 188, 321, 7, 475, 270]",30.13801688898173,67.0,206.168085106383,183.887234042553
346,"[378, 347, 167, 572, 316, 282, 430, 245, 195, 15, 253, 505, 46, 448, 23, 517, 342, 319, 297, 379]",29.798429940431447,67.0,73.4607594936708,109.713924050632
347,"[167, 346, 23, 319, 448, 245, 253, 378, 430, 518, 234, 405, 263, 110, 46, 93, 316, 15, 517, 572]",31.119456855397715,63.0,59.4811320754717,120.130188679245
348,"[152, 113, 409, 92, 20, 451, 141, 404, 266, 522, 108, 484, 3, 188, 562, 206, 169, 414, 140, 382]",29.12006536562253,74.0,254.960317460317,160.646825396825
349,"[497, 82, 56, 168, 399, 390, 284, 401, 338, 555, 107, 153, 196, 449, 269, 4, 225, 73, 246, 149]",27.182279814483927,63.0,174.75105485232,119.943037974683
350,"[536, 175, 578, 426, 233, 244, 314, 330, 472, 310, 192, 70, 184, 97, 118, 119, 295, 32, 537, 425]",25.987665781692634,62.0,258.246575342465,243.168297455968
351,"[189, 161, 125, 388, 251, 490, 521, 493, 148, 212, 372, 98, 443, 365, 393, 280, 275, 252, 40, 78]",41.933987311050934,74.0,190.546296296296,14.5203703703703
353,"[208, 504, 22, 76, 453, 354, 368, 47, 518, 411, 373, 363, 18, 207, 93, 170, 110, 115, 53, 415]",27.66303047951117,74.0,62.4463276836158,181.097928436911
354,"[415, 47, 115, 256, 353, 22, 504, 171, 526, 371, 76, 322, 373, 208, 311, 418, 329, 114, 75, 18]",29.16436794612455,73.0,79.6216216216216,199.4009009009
355,"[286, 211, 120, 332, 293, 187, 209, 389, 69, 421, 6, 553, 121, 84, 31, 210, 422, 177, 36, 331]",31.831622435613156,69.0,198.620278330019,293.240556660039
356,"[174, 116, 580, 457, 50, 172, 308, 477, 257, 455, 155, 13, 273, 327, 100, 1, 329, 446, 412, 277]",25.678746522975604,69.0,139.363106796116,221.774757281553
362,"[126, 278, 227, 309, 394, 574, 60, 162, 544, 444, 395, 21, 289, 342, 164, 190, 279, 535, 124, 481]",27.75870744541361,78.0,62.5721925133689,38.5971479500891
363,"[110, 114, 18, 429, 406, 253, 76, 517, 518, 322, 208, 353, 46, 294, 115, 297, 408, 23, 93, 453]",27.239728395272664,69.0,82.548828125,159.533203125
364,"[479, 231, 230, 410, 203, 151, 428, 305, 396, 254, 198, 65, 212, 365, 397, 369, 490, 281, 98, 104]",49.29767496922888,72.0,293.062717770034,15.2526132404181
365,"[98, 212, 521, 428, 125, 198, 369, 490, 305, 151, 239, 280, 189, 493, 230, 254, 104, 351, 507, 447]",33.49205372098795,78.0,234.282534246575,35.3886986301369
366,"[488, 0, 207, 368, 460, 27, 405, 453, 411, 170, 234, 93, 58, 208, 504, 518, 353, 319, 53, 23]",32.49053491981441,66.0,17.925,166.660714285714
367,"[485, 452, 258, 112, 44, 412, 408, 77, 407, 294, 264, 449, 308, 516, 455, 155, 406, 37, 322, 321]",28.30040004636752,72.0,137.478359908883,167.694760820045
368,"[207, 411, 453, 170, 366, 504, 488, 208, 0, 353, 460, 93, 22, 405, 53, 373, 58, 518, 76, 228]",25.99529884092185,64.0,37.1005291005291,177.703703703703
369,"[239, 198, 305, 447, 104, 365, 98, 254, 260, 281, 507, 280, 151, 521, 428, 165, 212, 344, 43, 106]",31.100018088413613,78.0,243.636200716845,59.1129032258064
370,"[528, 163, 232, 524, 78, 393, 252, 374, 148, 213, 275, 339, 383, 431, 443, 73, 535, 398, 388, 102]",30.31861295283003,78.0,136.277246653919,56.227533460803
371,"[526, 322, 115, 455, 257, 77, 408, 485, 256, 354, 114, 329, 171, 116, 406, 412, 415, 367, 308, 76]",28.56921394606949,76.0,107.125531914893,192.421276595744
372,"[241, 251, 493, 40, 431, 529, 252, 240, 393, 269, 280, 189, 4, 528, 148, 78, 388, 521, 43, 555]",28.72309230265848,78.0,181.258407079646,59.916814159292
373,"[228, 504, 53, 47, 411, 14, 22, 170, 415, 311, 353, 354, 368, 58, 512, 75, 417, 208, 506, 224]",29.15561323723204,76.0,50.0865384615384,207.401442307692
374,"[213, 398, 102, 383, 163, 370, 528, 379, 524, 166, 80, 282, 572, 535, 73, 246, 232, 190, 78, 505]",30.80081474063101,77.0,121.213207547169,75.2830188679245
375,"[204, 245, 430, 33, 279, 164, 64, 544, 448, 394, 263, 342, 481, 319, 378, 19, 167, 150, 21, 15]",32.084352694669015,70.0,34.8435374149659,83.1649659863945
376,"[416, 173, 312, 70, 426, 244, 471, 537, 272, 295, 175, 118, 456, 94, 578, 350, 343, 314, 160, 97]",26.71601567256951,71.0,293.467871485943,233.08032128514
377,"[183, 397, 205, 482, 387, 306, 281, 67, 250, 65, 396, 254, 403, 106, 217, 104, 260, 141, 447, 109]",31.859614310085,75.0,285.227876106194,95.5486725663716
378,"[346, 430, 195, 282, 505, 572, 15, 167, 347, 245, 342, 316, 164, 448, 102, 395, 379, 544, 375, 33]",29.379180917234926,79.0,72.7740259740259,98.8337662337662
379,"[166, 514, 316, 398, 572, 213, 282, 317, 246, 374, 102, 297, 80, 48, 46, 516, 264, 346, 505, 378]",28.423477701161595,72.0,112.955357142857,103.462053571428
380,"[194, 34, 315, 159, 299, 158, 474, 461, 343, 39, 2, 184, 425, 248, 314, 118, 537, 36, 471, 312]",40.594771781167694,63.0,295.403614457831,307.28313253012
382,"[206, 451, 403, 562, 109, 266, 141, 67, 250, 486, 482, 348, 307, 387, 409, 152, 160, 462, 92, 20]",34.004332366456175,70.0,292.355095541401,149.75
383,"[535, 190, 102, 395, 289, 374, 163, 524, 505, 339, 282, 195, 213, 278, 370, 342, 572, 15, 60, 444]",28.871682913026024,77.0,101.400809716599,62.9676113360323
385,"[214, 275, 443, 83, 339, 232, 524, 444, 388, 163, 148, 535, 289, 370, 162, 161, 78, 393, 383, 252]",39.67175536763889,76.0,123.891489361702,11.5382978723404
386,"[226, 477, 66, 329, 28, 296, 418, 176, 420, 42, 256, 50, 171, 174, 257, 526, 356, 88, 247, 116]",27.502830219094335,72.0,108.741150442477,242.349557522123
387,"[67, 205, 377, 482, 403, 250, 183, 109, 397, 306, 382, 65, 141, 206, 451, 396, 281, 217, 106, 254]",36.50593805108381,75.0,300.322820037105,110.582560296846
388,"[161, 148, 443, 393, 275, 251, 351, 78, 252, 189, 232, 372, 370, 493, 528, 385, 40, 241, 214, 431]",34.29173713122832,75.0,164.27408993576,27.5074946466809
389,"[187, 69, 36, 293, 6, 248, 355, 120, 461, 2, 425, 119, 211, 84, 286, 209, 158, 39, 332, 31]",33.819538290848655,76.0,224.567796610169,299.447033898305
390,"[149, 225, 338, 349, 497, 153, 302, 196, 168, 82, 38, 399, 402, 284, 24, 503, 56, 105, 269, 111]",28.526727764523663,76.0,194.640703517587,126.163316582914
393,"[252, 148, 78, 528, 370, 388, 372, 232, 431, 251, 40, 241, 275, 443, 161, 163, 524, 493, 73, 374]",29.321171651134943,78.0,157.392923649906,50.1173184357541
394,"[544, 164, 279, 278, 342, 362, 33, 60, 126, 21, 309, 481, 64, 395, 375, 574, 204, 150, 227, 430]",25.66490330432478,75.0,50.576923076923,57.3076923076923
395,"[278, 190, 342, 505, 289, 535, 383, 60, 195, 544, 362, 164, 394, 126, 102, 15, 282, 162, 444, 339]",26.360931431210094,81.0,79.0911392405063,60.2075949367088
396,"[65, 397, 410, 203, 254, 205, 377, 183, 231, 281, 479, 305, 387, 230, 364, 151, 306, 198, 67, 482]",39.78397414770577,81.0,301.358762886597,64.8969072164948
397,"[377, 183, 396, 281, 65, 254, 205, 306, 387, 410, 203, 482, 104, 67, 250, 305, 106, 260, 447, 369]",33.75817439309127,83.0,286.268617021276,79.5691489361702
398,"[213, 246, 379, 166, 80, 374, 514, 317, 48, 73, 401, 555, 572, 528, 316, 102, 282, 107, 370, 431]",29.12727872636205,82.0,129.243119266055,95.6720183486238
399,"[555, 82, 349, 269, 4, 56, 196, 401, 431, 73, 390, 497, 241, 529, 168, 246, 284, 225, 107, 240]",29.209857616668312,80.0,177.076754385964,102.835526315789
401,"[107, 246, 56, 449, 349, 555, 317, 284, 497, 48, 399, 264, 73, 168, 80, 82, 398, 452, 258, 514]",27.504338133142387,82.0,153.762162162162,117.709909909909
402,"[225, 216, 503, 38, 149, 404, 108, 105, 302, 217, 196, 344, 390, 106, 165, 260, 507, 92, 447, 20]",29.186339995093515,75.0,224.75,119.745238095238
403,"[382, 482, 67, 109, 250, 451, 387, 206, 141, 562, 377, 266, 205, 306, 183, 217, 348, 152, 108, 397]",34.39447666784666,81.0,291.632653061224,131.690166975881
404,"[108, 484, 92, 302, 20, 402, 152, 348, 38, 149, 169, 141, 225, 113, 217, 216, 519, 24, 390, 153]",30.97173942366578,80.0,233.523917995444,144.271070615034
405,"[234, 453, 93, 27, 319, 207, 366, 518, 23, 368, 488, 0, 208, 448, 347, 263, 19, 411, 253, 353]",31.174028127280927,82.0,35.5561097256857,148.209476309226
406,"[294, 429, 408, 114, 517, 322, 363, 516, 297, 46, 110, 18, 485, 77, 452, 371, 367, 253, 264, 115]",27.38178105961787,81.0,103.706896551724,157.623152709359
407,"[321, 258, 112, 37, 284, 552, 367, 452, 449, 338, 497, 44, 168, 111, 412, 270, 153, 236, 485, 264]",28.90634205613162,83.0,161.88245614035,161.226315789473
408,"[485, 322, 77, 406, 294, 371, 367, 114, 455, 115, 452, 516, 429, 412, 44, 363, 526, 257, 517, 258]",28.385251487820675,77.0,115.1926910299,171.986710963455
409,"[522, 348, 113, 266, 462, 140, 3, 152, 188, 562, 414, 451, 476, 486, 206, 295, 456, 92, 160, 20]",29.115311549709695,81.0,262.544303797468,177.337552742616
410,"[203, 479, 231, 254, 230, 305, 396, 151, 364, 65, 428, 397, 198, 281, 369, 183, 377, 104, 205, 365]",34.54572637918206,72.0,286.902584493041,44.0715705765407
411,"[170, 368, 504, 207, 460, 453, 373, 53, 488, 58, 366, 228, 353, 22, 0, 208, 93, 405, 47, 76]",27.93741723271777,80.0,34.5767634854771,188.390041493775
412,"[308, 155, 485, 44, 455, 367, 457, 77, 270, 116, 112, 407, 356, 257, 408, 552, 172, 37, 258, 371]",28.052544547519823,79.0,144.273885350318,189.133757961783
414,"[188, 522, 191, 475, 113, 197, 476, 310, 169, 3, 409, 32, 328, 345, 140, 519, 484, 97, 348, 462]",28.371488187374403,80.0,236.501030927835,193.437113402061
415,"[354, 47, 311, 418, 256, 171, 75, 512, 373, 526, 504, 329, 115, 224, 22, 28, 14, 353, 228, 53]",29.114642889720688,80.0,76.0265780730897,215.43853820598
416,"[272, 376, 173, 456, 94, 312, 70, 295, 471, 244, 160, 426, 537, 486, 307, 462, 578, 175, 118, 97]",29.654449863293127,82.0,300.15632183908,221.491954022988
417,"[71, 506, 228, 313, 14, 81, 58, 473, 53, 373, 495, 224, 311, 512, 460, 170, 5, 411, 86, 75]",36.78684190919555,83.0,22.3671128107074,232.449330783938
418,"[415, 311, 256, 171, 512, 28, 329, 75, 386, 226, 42, 296, 224, 477, 526, 354, 47, 496, 66, 495]",27.662807335582585,82.0,86.6910755148741,232.695652173913
419,"[277, 538, 8, 341, 156, 422, 100, 210, 446, 421, 327, 580, 273, 9, 147, 1, 332, 68, 209, 172]",26.067221802982893,83.0,176.279069767441,245.731501057082
420,"[176, 247, 66, 333, 386, 262, 68, 273, 226, 477, 50, 138, 296, 174, 580, 538, 1, 567, 424, 28]",30.545872815759253,79.0,125.248175182481,261.817518248175
421,"[209, 156, 341, 332, 331, 494, 419, 120, 293, 84, 31, 8, 422, 210, 9, 355, 218, 277, 192, 538]",28.32814545880863,81.0,198.383771929824,258.662280701754
422,"[210, 538, 332, 262, 419, 68, 273, 277, 8, 209, 421, 121, 1, 553, 580, 156, 286, 567, 100, 211]",28.679522361073786,78.0,167.553278688524,266.053278688524
423,"[276, 90, 186, 25, 5, 473, 320, 81, 79, 237, 313, 509, 86, 506, 122, 495, 71, 417, 35, 496]",37.87142813462927,82.0,20.77950310559,286.984472049689
424,"[123, 247, 235, 138, 52, 11, 333, 427, 303, 12, 567, 334, 502, 176, 420, 88, 262, 296, 35, 121]",32.95993652321343,78.0,112.175196850393,298.700787401574
425,"[248, 233, 299, 184, 314, 119, 39, 158, 461, 474, 536, 36, 6, 472, 2, 350, 389, 84, 118, 175]",28.05721254841105,77.0,255.09796672828,278.212569316081
426,"[175, 244, 578, 350, 537, 376, 536, 70, 314, 118, 312, 295, 184, 416, 173, 233, 471, 97, 343, 474]",25.613785222084438,78.0,275.985849056603,241.766509433962
427,"[567, 177, 553, 121, 333, 138, 11, 424, 262, 123, 247, 286, 422, 211, 210, 420, 176, 68, 52, 332]",36.49615620858047,75.0,143.355509355509,306.667359667359
428,"[151, 305, 230, 365, 198, 212, 479, 369, 410, 98, 490, 364, 203, 254, 125, 521, 239, 231, 104, 281]",35.16869219944265,82.0,256.18540433925,27.378698224852
429,"[517, 46, 297, 406, 363, 294, 516, 253, 110, 114, 18, 316, 408, 322, 514, 518, 264, 76, 346, 452]",27.604245440827743,75.0,96.1363636363636,144.5
430,"[245, 378, 375, 448, 342, 164, 346, 167, 347, 33, 204, 195, 544, 15, 505, 394, 319, 263, 282, 279]",28.635305913034937,79.0,53.5470737913486,92.529262086514
431,"[241, 528, 555, 252, 73, 372, 40, 4, 269, 393, 399, 529, 78, 370, 240, 80, 82, 251, 493, 56]",29.215689256230974,81.0,165.833333333333,76.6321138211382
443,"[275, 385, 388, 232, 214, 148, 161, 393, 524, 78, 370, 339, 83, 163, 252, 351, 528, 251, 535, 372]",36.683658522444446,83.0,143.061576354679,18.935960591133
444,"[162, 289, 339, 535, 83, 362, 126, 227, 278, 214, 395, 190, 60, 524, 383, 385, 574, 309, 163, 394]",33.9546814509065,84.0,86.2018140589569,25.7097505668934
446,"[327, 277, 172, 457, 568, 100, 147, 285, 13, 154, 419, 270, 580, 341, 9, 356, 8, 308, 538, 273]",25.797839629155185,84.0,171.268138801261,220.938485804416
447,"[260, 239, 507, 104, 165, 344, 369, 106, 281, 503, 216, 306, 217, 105, 43, 280, 254, 198, 402, 183]",28.773349408660398,83.0,240.411016949152,83.7161016949152
448,"[319, 263, 245, 347, 430, 167, 234, 375, 19, 346, 204, 23, 378, 405, 27, 164, 33, 253, 518, 342]",33.11959468519056,83.0,39.6674757281553,111.604368932038
449,"[452, 264, 258, 107, 284, 401, 317, 497, 407, 168, 112, 349, 516, 367, 56, 246, 321, 338, 48, 294]",28.161603073977197,84.0,148.708333333333,137.245098039215
451,"[382, 206, 141, 562, 403, 266, 348, 152, 250, 409, 109, 482, 92, 486, 67, 108, 20, 113, 404, 217]",31.91978474902954,84.0,278.16875,149.764583333333
452,"[258, 367, 449, 264, 516, 294, 112, 407, 485, 408, 107, 284, 317, 44, 406, 401, 77, 297, 412, 321]",29.021867888390563,84.0,137.856770833333,151.080729166666
453,"[368, 207, 405, 208, 93, 518, 353, 411, 366, 504, 170, 488, 0, 22, 76, 234, 23, 27, 460, 363]",28.302101367733947,84.0,43.9579831932773,166.535714285714
455,"[257, 485, 371, 116, 308, 526, 412, 77, 356, 155, 329, 408, 457, 477, 44, 256, 322, 367, 174, 115]",27.29538296984174,84.0,125.772946859903,200.147342995169
456,"[272, 160, 94, 462, 486, 416, 295, 307, 140, 173, 376, 244, 476, 97, 70, 266, 562, 578, 409, 426]",28.111924178614395,84.0,290.625641025641,204.264102564102
457,"[308, 172, 270, 155, 327, 446, 356, 412, 13, 580, 154, 116, 174, 455, 100, 277, 568, 44, 257, 552]",26.74898588243132,83.0,154.897727272727,209.320454545454
460,"[488, 411, 58, 170, 366, 368, 0, 207, 53, 228, 453, 504, 373, 417, 27, 405, 353, 93, 22, 208]",35.98977199673472,78.0,13.5259433962264,188.948113207547
461,"[158, 248, 299, 2, 425, 39, 474, 36, 34, 184, 380, 389, 194, 314, 6, 119, 233, 315, 69, 187]",33.28474504952658,85.0,260.814940577249,300.83531409168
462,"[140, 456, 295, 409, 522, 476, 486, 94, 160, 266, 3, 97, 562, 272, 307, 188, 244, 113, 578, 416]",27.539241730966715,85.0,274.120283018867,194.943396226415
471,"[312, 537, 376, 343, 173, 416, 118, 70, 426, 159, 272, 314, 244, 315, 175, 474, 184, 456, 295, 578]",35.344011428479746,83.0,308.593406593406,248.585164835164
472,"[331, 330, 192, 233, 494, 84, 536, 350, 119, 31, 578, 310, 425, 218, 475, 293, 314, 175, 421, 328]",29.203064441326443,86.0,236.053117782909,250.110854503464
473,"[313, 81, 506, 495, 86, 237, 5, 79, 90, 423, 71, 224, 509, 496, 320, 276, 417, 512, 25, 14]",28.681199445963,87.0,38.6539325842696,263.957303370786
474,"[299, 184, 314, 343, 425, 158, 537, 315, 159, 461, 39, 118, 34, 380, 248, 536, 233, 194, 426, 312]",28.4477183126046,87.0,278.719681908548,279.017892644135
475,"[191, 328, 310, 330, 414, 218, 7, 476, 494, 192, 32, 188, 197, 522, 285, 472, 578, 97, 345, 331]",29.11466588565718,87.0,228.509433962264,215.096698113207
476,"[310, 522, 295, 97, 140, 578, 462, 32, 414, 188, 191, 475, 244, 3, 409, 330, 456, 94, 350, 113]",26.923330529603227,87.0,256.019950124688,208.476309226932
477,"[386, 329, 226, 174, 356, 257, 66, 50, 28, 526, 256, 116, 420, 418, 171, 176, 580, 455, 273, 296]",27.523915560632577,87.0,118.108932461873,232.222222222222
479,"[364, 230, 410, 231, 203, 151, 428, 305, 254, 396, 198, 65, 365, 397, 212, 369, 281, 98, 104, 490]",40.735716007016535,86.0,286.129508196721,26.5311475409836
480,"[481, 309, 150, 574, 124, 21, 279, 227, 64, 394, 362, 126, 544, 33, 204, 278, 60, 164, 375, 162]",39.45095526871478,80.0,22.9742647058823,27.922794117647
481,"[150, 480, 279, 309, 64, 574, 21, 394, 544, 124, 204, 362, 227, 375, 33, 126, 164, 278, 60, 342]",33.153832603026046,87.0,25.0948509485094,44.8780487804878
482,"[250, 403, 377, 387, 67, 306, 183, 141, 217, 205, 451, 106, 397, 382, 281, 109, 206, 108, 260, 216]",32.178599684056124,86.0,279.456464379947,115.100263852242
484,"[169, 404, 519, 302, 113, 345, 348, 152, 197, 20, 92, 111, 414, 108, 149, 24, 188, 38, 522, 153]",31.167315039555994,86.0,225.179063360881,161.61432506887
485,"[77, 408, 367, 412, 455, 371, 44, 308, 322, 452, 155, 257, 294, 406, 112, 258, 526, 116, 407, 115]",28.389193785329024,86.0,128.261494252873,179.974137931034
486,"[307, 160, 562, 456, 462, 266, 272, 94, 140, 409, 206, 416, 295, 382, 451, 522, 173, 3, 476, 97]",32.11621501418028,87.0,294.904458598726,185.730360934182
488,"[366, 460, 0, 207, 368, 411, 170, 453, 405, 27, 58, 234, 93, 504, 208, 53, 353, 518, 373, 228]",34.986821092324504,84.0,14.5531400966183,171.135265700483
490,"[125, 212, 365, 521, 351, 98, 189, 428, 493, 151, 198, 305, 251, 369, 280, 161, 230, 239, 388, 372]",43.369310075919174,88.0,222.197860962566,12.427807486631
493,"[251, 372, 280, 521, 189, 529, 240, 241, 40, 98, 125, 43, 351, 507, 269, 393, 431, 252, 388, 365]",31.763350611996895,88.0,196.716049382716,51.6625514403292
494,"[331, 218, 192, 341, 330, 472, 328, 421, 84, 156, 475, 31, 7, 285, 147, 9, 310, 209, 191, 293]",28.69470945849838,88.0,216.063400576368,240.804034582132
495,"[86, 224, 512, 313, 506, 473, 496, 237, 311, 81, 75, 14, 79, 509, 71, 88, 42, 296, 35, 418]",27.904166157817976,87.0,55.3967741935483,253.958064516129
496,"[303, 88, 237, 495, 86, 296, 509, 35, 42, 224, 512, 334, 79, 473, 235, 418, 320, 122, 311, 75]",28.9171200849422,87.0,73.0548245614035,266.31798245614
497,"[284, 338, 349, 168, 390, 153, 449, 401, 321, 56, 407, 399, 82, 107, 258, 149, 111, 24, 302, 555]",28.465920804601218,87.0,174.678233438485,133.750788643533
502,"[334, 122, 509, 12, 235, 320, 303, 123, 35, 52, 237, 424, 496, 88, 79, 25, 247, 86, 296, 11]",35.678631033757846,88.0,77.458064516129,306.703225806451
503,"[344, 216, 402, 105, 507, 165, 225, 196, 447, 260, 217, 106, 43, 38, 390, 529, 149, 269, 240, 239]",28.66184113445854,88.0,222.176068376068,102.772649572649
504,"[353, 373, 411, 22, 368, 208, 170, 53, 47, 354, 453, 228, 76, 207, 415, 518, 311, 460, 93, 58]",29.13249046511598,88.0,53.6804511278195,192.357142857142
505,"[195, 282, 342, 395, 378, 15, 572, 102, 383, 190, 278, 164, 430, 346, 544, 535, 60, 394, 316, 289]",27.976140152324557,89.0,81.0974212034384,79.2808022922636
506,"[313, 495, 473, 417, 71, 81, 14, 224, 512, 86, 228, 311, 5, 75, 373, 237, 496, 79, 90, 53]",29.788875492375677,88.0,38.6141975308641,244.820987654321
507,"[344, 165, 447, 503, 280, 529, 239, 43, 240, 260, 105, 216, 196, 369, 269, 104, 493, 402, 106, 225]",28.079460763752262,90.0,220.091836734693,81.7755102040816
509,"[237, 320, 334, 122, 502, 496, 79, 35, 303, 86, 25, 88, 12, 473, 495, 235, 276, 90, 52, 423]",29.54944906859769,89.0,62.6921182266009,288.155172413793
512,"[311, 224, 495, 75, 418, 415, 506, 496, 14, 86, 313, 42, 296, 228, 373, 473, 47, 88, 237, 81]",29.333891323760287,90.0,65.1568181818181,239.629545454545
514,"[379, 317, 316, 166, 297, 516, 398, 264, 572, 246, 46, 517, 48, 429, 294, 282, 107, 213, 80, 401]",28.922348385559843,90.0,116.680589680589,116.985257985257
516,"[294, 297, 264, 429, 406, 517, 514, 452, 317, 46, 408, 449, 316, 367, 258, 379, 114, 107, 363, 166]",28.911152706786453,89.0,116.740286298568,140.423312883435
517,"[429, 297, 46, 406, 363, 516, 253, 294, 110, 316, 114, 514, 518, 18, 408, 322, 346, 264, 347, 572]",28.96503982948649,89.0,93.9540481400437,141.06783369803
518,"[253, 453, 208, 363, 93, 110, 23, 405, 353, 76, 18, 347, 517, 368, 207, 429, 319, 234, 504, 114]",30.73234974122763,89.0,61.0631364562118,152.932790224032
519,"[345, 169, 111, 484, 197, 236, 552, 302, 24, 414, 321, 153, 404, 37, 568, 338, 113, 188, 191, 154]",31.95219164529599,89.0,208.827586206896,174.416927899686
521,"[365, 98, 493, 125, 189, 280, 490, 212, 251, 239, 369, 351, 240, 529, 372, 198, 507, 428, 43, 305]",32.94441232426641,89.0,215.273209549071,40.8196286472148
522,"[409, 414, 188, 476, 140, 113, 462, 3, 348, 310, 191, 97, 32, 295, 266, 475, 152, 169, 484, 197]",28.48620374418811,89.0,252.72299168975,189.761772853185
524,"[339, 163, 232, 535, 370, 383, 289, 374, 83, 275, 214, 385, 190, 443, 78, 528, 444, 102, 393, 213]",30.337592435894056,90.0,118.421875,45.8307291666666
526,"[371, 257, 256, 329, 455, 171, 115, 354, 477, 415, 322, 116, 418, 77, 28, 485, 386, 226, 408, 356]",28.180792638597826,88.0,105.6077170418,207.006430868167
528,"[252, 370, 431, 393, 78, 73, 374, 555, 241, 213, 372, 40, 232, 163, 398, 148, 80, 524, 246, 251]",30.61771764360089,89.0,149.345794392523,67.9018691588785
529,"[240, 269, 280, 241, 372, 507, 493, 344, 43, 4, 196, 165, 431, 40, 399, 251, 105, 503, 521, 239]",28.419700361678746,89.0,197.827586206896,75.4758620689655
535,"[289, 383, 339, 190, 524, 395, 444, 163, 162, 278, 83, 102, 505, 374, 60, 362, 214, 232, 370, 126]",29.441475777514693,90.0,97.7051282051282,47.9794871794871
536,"[350, 314, 233, 426, 175, 578, 472, 184, 425, 330, 244, 537, 119, 118, 192, 474, 310, 70, 331, 299]",28.008061683220518,91.0,258.831210191082,250.493630573248
537,"[312, 343, 118, 426, 314, 471, 376, 474, 175, 184, 70, 536, 159, 244, 350, 299, 416, 173, 578, 315]",28.080064599971035,90.0,288.75,255.337209302325
538,"[422, 273, 419, 580, 277, 210, 68, 1, 262, 100, 8, 327, 174, 446, 332, 420, 172, 50, 156, 356]",28.133366765246638,91.0,160.516666666666,252.7125
544,"[394, 164, 342, 278, 279, 33, 395, 362, 375, 60, 430, 126, 204, 309, 505, 21, 64, 481, 195, 574]",27.451220525867246,91.0,52.6649214659685,63.1675392670157
552,"[236, 37, 321, 270, 111, 407, 154, 345, 568, 519, 112, 412, 338, 457, 285, 308, 24, 44, 155, 153]",31.447911011776426,91.0,178.182352941176,179.2
553,"[121, 567, 177, 427, 286, 262, 211, 332, 333, 422, 210, 355, 138, 11, 68, 538, 209, 120, 424, 420]",34.748629219855594,91.0,162.01703163017,298.571776155717
555,"[399, 73, 431, 401, 56, 82, 246, 349, 269, 4, 80, 241, 528, 398, 48, 107, 40, 497, 252, 529]",30.050387977460012,90.0,163.226368159204,96.4378109452736
562,"[266, 486, 382, 206, 451, 307, 409, 462, 160, 348, 403, 456, 140, 109, 152, 141, 522, 3, 94, 113]",32.77956541596616,91.0,288.995495495495,167.851351351351
567,"[427, 553, 333, 121, 262, 177, 138, 11, 424, 422, 247, 210, 420, 68, 286, 176, 332, 123, 538, 211]",32.6631336698284,91.0,146.019841269841,294.753968253968
568,"[285, 154, 446, 147, 270, 327, 236, 328, 345, 552, 341, 218, 457, 197, 7, 9, 172, 277, 13, 519]",30.0704796996953,91.0,188.824175824175,208.326007326007
572,"[282, 316, 379, 378, 505, 346, 514, 166, 195, 102, 15, 398, 213, 374, 297, 46, 383, 342, 517, 317]",30.22478104664025,91.0,95.3421052631578,99.7773279352226
574,"[309, 227, 480, 124, 362, 481, 21, 126, 394, 150, 279, 544, 278, 162, 60, 64, 444, 164, 395, 33]",32.63318777596554,91.0,43.20892494929,28.0669371196754
578,"[244, 350, 426, 295, 175, 536, 476, 310, 97, 330, 32, 70, 376, 472, 314, 140, 537, 233, 462, 94]",27.6300381987258,90.0,263.03086419753,229.617283950617
580,"[273, 538, 174, 356, 277, 100, 327, 1, 172, 446, 50, 419, 457, 68, 13, 477, 422, 420, 116, 210]",26.894751087154525,91.0,150.522959183673,236.813775510204
